Year,Name,Code,State,Population
2014,ALABAMA,AL,1,4779736
2014,ALASKA,AK,2,710231
2014,ARIZONA,AZ,4,6392017
2014,ARKANSAS,AR,5,2915918
2014,CALIFORNIA,CA,6,37253956
2014,COLORADO,CO,8,5029196
2014,CONNECTICUT,CT,9,3574097
2014,DELAWARE,DE,10,897934
2014,FLORIDA,FL,12,18801310
2014,GEORGIA,GA,13,9687653
2014,HAWAII,HI,15,1360301
2014,IDAHO,ID,16,1567582
2014,ILLINOIS,IL,17,12830632
2014,INDIANA,IN,18,6483802
2014,IOWA,IA,19,3046355
2014,KANSAS,KS,20,2853118
2014,KENTUCKY,KY,21,4339367
2014,LOUISIANA,LA,22,4533372
2014,MAINE,ME,23,1328361
2014,MARYLAND,MD,24,5773552
2014,MASSACHUSETTS,MA,25,6547629
2014,MICHIGAN,MI,26,9883640
2014,MINNESOTA,MN,27,5303925
2014,MISSISSIPPI,MS,28,2967297
2014,MISSOURI,MO,29,5988927
2014,MONTANA,MT,30,989415
2014,NEBRASKA,NE,31,1826341
2014,NEVADA,NV,32,2700551
2014,NEW HAMPSHIRE,NH,33,1316470
2014,NEW JERSEY,NJ,34,8791894
2014,NEW MEXICO,NM,35,2059179
2014,NEW YORK,NY,36,19378102
2014,NORTH CAROLINA,NC,37,9535483
2014,NORTH DAKOTA,ND,38,672591
2014,OHIO,OH,39,11536504
2014,OKLAHOMA,OK,40,3751351
2014,OREGON,OR,41,3831074
2014,PENNSYLVANIA,PA,42,12702379
2014,RHODE ISLAND,RI,44,1052567
2014,SOUTH CAROLINA,SC,45,4625364
2014,SOUTH DAKOTA,SD,46,814180
2014,TENNESSEE,TN,47,6346105
2014,TEXAS,TX,48,25145561
2014,UTAH,UT,49,2763885
2014,VERMONT,VT,50,625741
2014,VIRGINIA,VA,51,8001024
2014,WASHINGTON,WA,53,6724540
2014,WEST VIRGINIA,WV,54,1852994
2014,WISCONSIN,WI,55,5686986
2014,WYOMING,WY,56,563626
2013,ALABAMA,AL,1,4626595
2013,ALASKA,AK,2,681111
2013,ARIZONA,AZ,4,6353421
2013,ARKANSAS,AR,5,2830557
2013,CALIFORNIA,CA,6,36377534
2013,COLORADO,CO,8,4842770
2013,CONNECTICUT,CT,9,3489868
2013,DELAWARE,DE,10,861953
2013,FLORIDA,FL,12,18199526
2013,GEORGIA,GA,13,9523297
2013,HAWAII,HI,15,1277356
2013,IDAHO,ID,16,1496145
2013,ILLINOIS,IL,17,12825809
2013,INDIANA,IN,18,6335862
2013,IOWA,IA,19,2983360
2013,KANSAS,KS,20,2777382
2013,KENTUCKY,KY,21,4236308
2013,LOUISIANA,LA,22,4373310
2013,MAINE,ME,23,1315398
2013,MARYLAND,MD,24,5618899
2013,MASSACHUSETTS,MA,25,6467915
2013,MICHIGAN,MI,26,10049790
2013,MINNESOTA,MN,27,5182360
2013,MISSISSIPPI,MS,28,2921030
2013,MISSOURI,MO,29,5878399
2013,MONTANA,MT,30,956624
2013,NEBRASKA,NE,31,1769473
2013,NEVADA,NV,32,2554344
2013,NEW HAMPSHIRE,NH,33,1312256
2013,NEW JERSEY,NJ,34,8653126
2013,NEW MEXICO,NM,35,1964402
2013,NEW YORK,NY,36,19429316
2013,NORTH CAROLINA,NC,37,9041594
2013,NORTH DAKOTA,ND,38,637904
2013,OHIO,OH,39,11477641
2013,OKLAHOMA,OK,40,3608123
2013,OREGON,OR,41,3735549
2013,PENNSYLVANIA,PA,42,12419930
2013,RHODE ISLAND,RI,44,1053136
2013,SOUTH CAROLINA,SC,45,4404914
2013,SOUTH DAKOTA,SD,46,795689
2013,TENNESSEE,TN,47,6149116
2013,TEXAS,TX,48,23843432
2013,UTAH,UT,49,2668925
2013,VERMONT,VT,50,620748
2013,VIRGINIA,VA,51,7698775
2013,WASHINGTON,WA,53,6449511
2013,WEST VIRGINIA,WV,54,1809836
2013,WISCONSIN,WI,55,5598893
2013,WYOMING,WY,56,523252
2012,ALABAMA,AL,1,4779736
2012,ALASKA,AK,2,710231
2012,ARIZONA,AZ,4,6392017
2012,ARKANSAS,AR,5,2915918
2012,CALIFORNIA,CA,6,37253956
2012,COLORADO,CO,8,5029196
2012,CONNECTICUT,CT,9,3574097
2012,DELAWARE,DE,10,897934
2012,FLORIDA,FL,12,18801310
2012,GEORGIA,GA,13,9687653
2012,HAWAII,HI,15,1360301
2012,IDAHO,ID,16,1567582
2012,ILLINOIS,IL,17,12830632
2012,INDIANA,IN,18,6483802
2012,IOWA,IA,19,3046355
2012,KANSAS,KS,20,2853118
2012,KENTUCKY,KY,21,4339367
2012,LOUISIANA,LA,22,4533372
2012,MAINE,ME,23,1328361
2012,MARYLAND,MD,24,5773552
2012,MASSACHUSETTS,MA,25,6547629
2012,MICHIGAN,MI,26,9883640
2012,MINNESOTA,MN,27,5303925
2012,MISSISSIPPI,MS,28,2967297
2012,MISSOURI,MO,29,5988927
2012,MONTANA,MT,30,989415
2012,NEBRASKA,NE,31,1826341
2012,NEVADA,NV,32,2700551
2012,NEW HAMPSHIRE,NH,33,1316470
2012,NEW JERSEY,NJ,34,8791894
2012,NEW MEXICO,NM,35,2059179
2012,NEW YORK,NY,36,19378102
2012,NORTH CAROLINA,NC,37,9535483
2012,NORTH DAKOTA,ND,38,672591
2012,OHIO,OH,39,11536504
2012,OKLAHOMA,OK,40,3751351
2012,OREGON,OR,41,3831074
2012,PENNSYLVANIA,PA,42,12702379
2012,RHODE ISLAND,RI,44,1052567
2012,SOUTH CAROLINA,SC,45,4625364
2012,SOUTH DAKOTA,SD,46,814180
2012,TENNESSEE,TN,47,6346105
2012,TEXAS,TX,48,25145561
2012,UTAH,UT,49,2763885
2012,VERMONT,VT,50,625741
2012,VIRGINIA,VA,51,8001024
2012,WASHINGTON,WA,53,6724540
2012,WEST VIRGINIA,WV,54,1852994
2012,WISCONSIN,WI,55,5686986
2012,WYOMING,WY,56,563626
2011,ALABAMA,AL,1,4626595
2011,ALASKA,AK,2,681111
2011,ARIZONA,AZ,4,6353421
2011,ARKANSAS,AR,5,2830557
2011,CALIFORNIA,CA,6,36377534
2011,COLORADO,CO,8,4842770
2011,CONNECTICUT,CT,9,3489868
2011,DELAWARE,DE,10,861953
2011,FLORIDA,FL,12,18199526
2011,GEORGIA,GA,13,9523297
2011,HAWAII,HI,15,1277356
2011,IDAHO,ID,16,1496145
2011,ILLINOIS,IL,17,12825809
2011,INDIANA,IN,18,6335862
2011,IOWA,IA,19,2983360
2011,KANSAS,KS,20,2777382
2011,KENTUCKY,KY,21,4236308
2011,LOUISIANA,LA,22,4373310
2011,MAINE,ME,23,1315398
2011,MARYLAND,MD,24,5618899
2011,MASSACHUSETTS,MA,25,6467915
2011,MICHIGAN,MI,26,10049790
2011,MINNESOTA,MN,27,5182360
2011,MISSISSIPPI,MS,28,2921030
2011,MISSOURI,MO,29,5878399
2011,MONTANA,MT,30,956624
2011,NEBRASKA,NE,31,1769473
2011,NEVADA,NV,32,2554344
2011,NEW HAMPSHIRE,NH,33,1312256
2011,NEW JERSEY,NJ,34,8653126
2011,NEW MEXICO,NM,35,1964402
2011,NEW YORK,NY,36,19429316
2011,NORTH CAROLINA,NC,37,9041594
2011,NORTH DAKOTA,ND,38,637904
2011,OHIO,OH,39,11477641
2011,OKLAHOMA,OK,40,3608123
2011,OREGON,OR,41,3735549
2011,PENNSYLVANIA,PA,42,12419930
2011,RHODE ISLAND,RI,44,1053136
2011,SOUTH CAROLINA,SC,45,4404914
2011,SOUTH DAKOTA,SD,46,795689
2011,TENNESSEE,TN,47,6149116
2011,TEXAS,TX,48,23843432
2011,UTAH,UT,49,2668925
2011,VERMONT,VT,50,620748
2011,VIRGINIA,VA,51,7698775
2011,WASHINGTON,WA,53,6449511
2011,WEST VIRGINIA,WV,54,1809836
2011,WISCONSIN,WI,55,5598893
2011,WYOMING,WY,56,523252
2010,ALABAMA,AL,1,4626595
2010,ALASKA,AK,2,681111
2010,ARIZONA,AZ,4,6353421
2010,ARKANSAS,AR,5,2830557
2010,CALIFORNIA,CA,6,36377534
2010,COLORADO,CO,8,4842770
2010,CONNECTICUT,CT,9,3489868
2010,DELAWARE,DE,10,861953
2010,FLORIDA,FL,12,18199526
2010,GEORGIA,GA,13,9523297
2010,HAWAII,HI,15,1277356
2010,IDAHO,ID,16,1496145
2010,ILLINOIS,IL,17,12825809
2010,INDIANA,IN,18,6335862
2010,IOWA,IA,19,2983360
2010,KANSAS,KS,20,2777382
2010,KENTUCKY,KY,21,4236308
2010,LOUISIANA,LA,22,4373310
2010,MAINE,ME,23,1315398
2010,MARYLAND,MD,24,5618899
2010,MASSACHUSETTS,MA,25,6467915
2010,MICHIGAN,MI,26,10049790
2010,MINNESOTA,MN,27,5182360
2010,MISSISSIPPI,MS,28,2921030
2010,MISSOURI,MO,29,5878399
2010,MONTANA,MT,30,956624
2010,NEBRASKA,NE,31,1769473
2010,NEVADA,NV,32,2554344
2010,NEW HAMPSHIRE,NH,33,1312256
2010,NEW JERSEY,NJ,34,8653126
2010,NEW MEXICO,NM,35,1964402
2010,NEW YORK,NY,36,19429316
2010,NORTH CAROLINA,NC,37,9041594
2010,NORTH DAKOTA,ND,38,637904
2010,OHIO,OH,39,11477641
2010,OKLAHOMA,OK,40,3608123
2010,OREGON,OR,41,3735549
2010,PENNSYLVANIA,PA,42,12419930
2010,RHODE ISLAND,RI,44,1053136
2010,SOUTH CAROLINA,SC,45,4404914
2010,SOUTH DAKOTA,SD,46,795689
2010,TENNESSEE,TN,47,6149116
2010,TEXAS,TX,48,23843432
2010,UTAH,UT,49,2668925
2010,VERMONT,VT,50,620748
2010,VIRGINIA,VA,51,7698775
2010,WASHINGTON,WA,53,6449511
2010,WEST VIRGINIA,WV,54,1809836
2010,WISCONSIN,WI,55,5598893
2010,WYOMING,WY,56,523252
2009,ALABAMA,AL,1,4590240
2009,ALASKA,AK,2,677450
2009,ARIZONA,AZ,4,6165689
2009,ARKANSAS,AR,5,2809111
2009,CALIFORNIA,CA,6,36249872
2009,COLORADO,CO,8,4766248
2009,CONNECTICUT,CT,9,3495753
2009,DELAWARE,DE,10,852747
2009,FLORIDA,FL,12,18057508
2009,GEORGIA,GA,13,9342080
2009,HAWAII,HI,15,1278635
2009,IDAHO,ID,16,1463878
2009,ILLINOIS,IL,17,12777042
2009,INDIANA,IN,18,6302646
2009,IOWA,IA,19,2972566
2009,KANSAS,KS,20,2755817
2009,KENTUCKY,KY,21,4204444
2009,LOUISIANA,LA,22,4243288
2009,MAINE,ME,23,1314910
2009,MARYLAND,MD,24,5602017
2009,MASSACHUSETTS,MA,25,6434389
2009,MICHIGAN,MI,26,10102322
2009,MINNESOTA,MN,27,5154586
2009,MISSISSIPPI,MS,28,2899112
2009,MISSOURI,MO,29,5837639
2009,MONTANA,MT,30,946795
2009,NEBRASKA,NE,31,1763765
2009,NEVADA,NV,32,2492427
2009,NEW HAMPSHIRE,NH,33,1311821
2009,NEW JERSEY,NJ,34,8666075
2009,NEW MEXICO,NM,35,1942302
2009,NEW YORK,NY,36,19281988
2009,NORTH CAROLINA,NC,37,8869442
2009,NORTH DAKOTA,ND,38,637460
2009,OHIO,OH,39,11463513
2009,OKLAHOMA,OK,40,3577536
2009,OREGON,OR,41,3691084
2009,PENNSYLVANIA,PA,42,12402817
2009,RHODE ISLAND,RI,44,1061641
2009,SOUTH CAROLINA,SC,45,4330108
2009,SOUTH DAKOTA,SD,46,788467
2009,TENNESSEE,TN,47,6074913
2009,TEXAS,TX,48,23407629
2009,UTAH,UT,49,2579535
2009,VERMONT,VT,50,620778
2009,VIRGINIA,VA,51,7640249
2009,WASHINGTON,WA,53,6374910
2009,WEST VIRGINIA,WV,54,1808699
2009,WISCONSIN,WI,55,5572660
2009,WYOMING,WY,56,512757
2008,ALABAMA,AL,1,4590240
2008,ALASKA,AK,2,677450
2008,ARIZONA,AZ,4,6165689
2008,ARKANSAS,AR,5,2809111
2008,CALIFORNIA,CA,6,36249872
2008,COLORADO,CO,8,4766248
2008,CONNECTICUT,CT,9,3495753
2008,DELAWARE,DE,10,852747
2008,FLORIDA,FL,12,18057508
2008,GEORGIA,GA,13,9342080
2008,HAWAII,HI,15,1278635
2008,IDAHO,ID,16,1463878
2008,ILLINOIS,IL,17,12777042
2008,INDIANA,IN,18,6302646
2008,IOWA,IA,19,2972566
2008,KANSAS,KS,20,2755817
2008,KENTUCKY,KY,21,4204444
2008,LOUISIANA,LA,22,4243288
2008,MAINE,ME,23,1314910
2008,MARYLAND,MD,24,5602017
2008,MASSACHUSETTS,MA,25,6434389
2008,MICHIGAN,MI,26,10102322
2008,MINNESOTA,MN,27,5154586
2008,MISSISSIPPI,MS,28,2899112
2008,MISSOURI,MO,29,5837639
2008,MONTANA,MT,30,946795
2008,NEBRASKA,NE,31,1763765
2008,NEVADA,NV,32,2492427
2008,NEW HAMPSHIRE,NH,33,1311821
2008,NEW JERSEY,NJ,34,8666075
2008,NEW MEXICO,NM,35,1942302
2008,NEW YORK,NY,36,19281988
2008,NORTH CAROLINA,NC,37,8869442
2008,NORTH DAKOTA,ND,38,637460
2008,OHIO,OH,39,11463513
2008,OKLAHOMA,OK,40,3577536
2008,OREGON,OR,41,3691084
2008,PENNSYLVANIA,PA,42,12402817
2008,RHODE ISLAND,RI,44,1061641
2008,SOUTH CAROLINA,SC,45,4330108
2008,SOUTH DAKOTA,SD,46,788467
2008,TENNESSEE,TN,47,6074913
2008,TEXAS,TX,48,23407629
2008,UTAH,UT,49,2579535
2008,VERMONT,VT,50,620778
2008,VIRGINIA,VA,51,7640249
2008,WASHINGTON,WA,53,6374910
2008,WEST VIRGINIA,WV,54,1808699
2008,WISCONSIN,WI,55,5572660
2008,WYOMING,WY,56,512757
2007,ALABAMA,AL,1,4557808
2007,ALASKA,AK,2,663661
2007,ARIZONA,AZ,4,5939292
2007,ARKANSAS,AR,5,2779154
2007,CALIFORNIA,CA,6,36132147
2007,COLORADO,CO,8,4665177
2007,CONNECTICUT,CT,9,3510297
2007,DELAWARE,DE,10,843524
2007,FLORIDA,FL,12,17789864
2007,GEORGIA,GA,13,9072576
2007,HAWAII,HI,15,1275194
2007,IDAHO,ID,16,1429096
2007,ILLINOIS,IL,17,12763371
2007,INDIANA,IN,18,6271973
2007,IOWA,IA,19,2966334
2007,KANSAS,KS,20,2744687
2007,KENTUCKY,KY,21,4173405
2007,LOUISIANA,LA,22,4523628
2007,MAINE,ME,23,1321505
2007,MARYLAND,MD,24,5600388
2007,MASSACHUSETTS,MA,25,6398743
2007,MICHIGAN,MI,26,10120860
2007,MINNESOTA,MN,27,5132799
2007,MISSISSIPPI,MS,28,2921088
2007,MISSOURI,MO,29,5800310
2007,MONTANA,MT,30,935670
2007,NEBRASKA,NE,31,1758787
2007,NEVADA,NV,32,2414807
2007,NEW HAMPSHIRE,NH,33,1309940
2007,NEW JERSEY,NJ,34,8717925
2007,NEW MEXICO,NM,35,1928384
2007,NEW YORK,NY,36,19254630
2007,NORTH CAROLINA,NC,37,8683242
2007,NORTH DAKOTA,ND,38,636677
2007,OHIO,OH,39,11464042
2007,OKLAHOMA,OK,40,3547884
2007,OREGON,OR,41,3641056
2007,PENNSYLVANIA,PA,42,12429616
2007,RHODE ISLAND,RI,44,1076189
2007,SOUTH CAROLINA,SC,45,4255083
2007,SOUTH DAKOTA,SD,46,775933
2007,TENNESSEE,TN,47,5962959
2007,TEXAS,TX,48,22859968
2007,UTAH,UT,49,2469585
2007,VERMONT,VT,50,623050
2007,VIRGINIA,VA,51,7567465
2007,WASHINGTON,WA,53,6287759
2007,WEST VIRGINIA,WV,54,1816856
2007,WISCONSIN,WI,55,5536201
2007,WYOMING,WY,56,509294
2006,ALABAMA,AL,1,4537299
2006,ALASKA,AK,2,668625
2006,ARIZONA,AZ,4,5961239
2006,ARKANSAS,AR,5,2768918
2006,CALIFORNIA,CA,6,35885415
2006,COLORADO,CO,8,4662734
2006,CONNECTICUT,CT,9,3478714
2006,DELAWARE,DE,10,838519
2006,FLORIDA,FL,12,17702476
2006,GEORGIA,GA,13,9093958
2006,HAWAII,HI,15,1264468
2006,IDAHO,ID,16,1424127
2006,ILLINOIS,IL,17,12704063
2006,INDIANA,IN,18,6248569
2006,IOWA,IA,19,2951775
2006,KANSAS,KS,20,2742204
2006,KENTUCKY,KY,21,4165958
2006,LOUISIANA,LA,22,4495627
2006,MAINE,ME,23,1311044
2006,MARYLAND,MD,24,5575552
2006,MASSACHUSETTS,MA,25,6434343
2006,MICHIGAN,MI,26,10093266
2006,MINNESOTA,MN,27,5104890
2006,MISSISSIPPI,MS,28,2898209
2006,MISSOURI,MO,29,5785130
2006,MONTANA,MT,30,934888
2006,NEBRASKA,NE,31,1751069
2006,NEVADA,NV,32,2401671
2006,NEW HAMPSHIRE,NH,33,1300530
2006,NEW JERSEY,NJ,34,8634657
2006,NEW MEXICO,NM,35,1912884
2006,NEW YORK,NY,36,19336376
2006,NORTH CAROLINA,NC,37,8661061
2006,NORTH DAKOTA,ND,38,635222
2006,OHIO,OH,39,11450954
2006,OKLAHOMA,OK,40,3530087
2006,OREGON,OR,41,3621939
2006,PENNSYLVANIA,PA,42,12351881
2006,RHODE ISLAND,RI,44,1064439
2006,SOUTH CAROLINA,SC,45,4249385
2006,SOUTH DAKOTA,SD,46,779315
2006,TENNESSEE,TN,47,5983211
2006,TEXAS,TX,48,22811128
2006,UTAH,UT,49,2501262
2006,VERMONT,VT,50,619282
2006,VIRGINIA,VA,51,7546725
2006,WASHINGTON,WA,53,6254579
2006,WEST VIRGINIA,WV,54,1804020
2006,WISCONSIN,WI,55,5538806
2006,WYOMING,WY,56,506007
2005,ALABAMA,AL,1,4537299
2005,ALASKA,AK,2,668625
2005,ARIZONA,AZ,4,5961239
2005,ARKANSAS,AR,5,2768918
2005,CALIFORNIA,CA,6,35885415
2005,COLORADO,CO,8,4662734
2005,CONNECTICUT,CT,9,3478714
2005,DELAWARE,DE,10,838519
2005,FLORIDA,FL,12,17702476
2005,GEORGIA,GA,13,9093958
2005,HAWAII,HI,15,1264468
2005,IDAHO,ID,16,1424127
2005,ILLINOIS,IL,17,12704063
2005,INDIANA,IN,18,6248569
2005,IOWA,IA,19,2951775
2005,KANSAS,KS,20,2742204
2005,KENTUCKY,KY,21,4165958
2005,LOUISIANA,LA,22,4495627
2005,MAINE,ME,23,1311044
2005,MARYLAND,MD,24,5575552
2005,MASSACHUSETTS,MA,25,6434343
2005,MICHIGAN,MI,26,10093266
2005,MINNESOTA,MN,27,5104890
2005,MISSISSIPPI,MS,28,2898209
2005,MISSOURI,MO,29,5785130
2005,MONTANA,MT,30,934888
2005,NEBRASKA,NE,31,1751069
2005,NEVADA,NV,32,2401671
2005,NEW HAMPSHIRE,NH,33,1300530
2005,NEW JERSEY,NJ,34,8634657
2005,NEW MEXICO,NM,35,1912884
2005,NEW YORK,NY,36,19336376
2005,NORTH CAROLINA,NC,37,8661061
2005,NORTH DAKOTA,ND,38,635222
2005,OHIO,OH,39,11450954
2005,OKLAHOMA,OK,40,3530087
2005,OREGON,OR,41,3621939
2005,PENNSYLVANIA,PA,42,12351881
2005,RHODE ISLAND,RI,44,1064439
2005,SOUTH CAROLINA,SC,45,4249385
2005,SOUTH DAKOTA,SD,46,779315
2005,TENNESSEE,TN,47,5983211
2005,TEXAS,TX,48,22811128
2005,UTAH,UT,49,2501262
2005,VERMONT,VT,50,619282
2005,VIRGINIA,VA,51,7546725
2005,WASHINGTON,WA,53,6254579
2005,WEST VIRGINIA,WV,54,1804020
2005,WISCONSIN,WI,55,5538806
2005,WYOMING,WY,56,506007
2004,ALABAMA,AL,1,4469906
2004,ALASKA,AK,2,642391
2004,ARIZONA,AZ,4,5449195
2004,ARKANSAS,AR,5,2701889
2004,CALIFORNIA,CA,6,34916495
2004,COLORADO,CO,8,4503156
2004,CONNECTICUT,CT,9,3448261
2004,DELAWARE,DE,10,803774
2004,FLORIDA,FL,12,16652679
2004,GEORGIA,GA,13,8583674
2004,HAWAII,HI,15,1227391
2004,IDAHO,ID,16,1341408
2004,ILLINOIS,IL,17,12565228
2004,INDIANA,IN,18,6146974
2004,IOWA,IA,19,2929395
2004,KANSAS,KS,20,2712561
2004,KENTUCKY,KY,21,4086754
2004,LOUISIANA,LA,22,4465215
2004,MAINE,ME,23,1293667
2004,MARYLAND,MD,24,5439327
2004,MASSACHUSETTS,MA,25,6433043
2004,MICHIGAN,MI,26,10037303
2004,MINNESOTA,MN,27,5016643
2004,MISSISSIPPI,MS,28,2858013
2004,MISSOURI,MO,29,5675641
2004,MONTANA,MT,30,909859
2004,NEBRASKA,NE,31,1724236
2004,NEVADA,NV,32,2164518
2004,NEW HAMPSHIRE,NH,33,1270701
2004,NEW JERSEY,NJ,34,8547410
2004,NEW MEXICO,NM,35,1848986
2004,NEW YORK,NY,36,19161573
2004,NORTH CAROLINA,NC,37,8311263
2004,NORTH DAKOTA,ND,38,633521
2004,OHIO,OH,39,11410582
2004,OKLAHOMA,OK,40,3482946
2004,OREGON,OR,41,3517982
2004,PENNSYLVANIA,PA,42,12298775
2004,RHODE ISLAND,RI,44,1065937
2004,SOUTH CAROLINA,SC,45,4102211
2004,SOUTH DAKOTA,SD,46,761709
2004,TENNESSEE,TN,47,5799093
2004,TEXAS,TX,48,21713397
2004,UTAH,UT,49,2334462
2004,VERMONT,VT,50,614994
2004,VIRGINIA,VA,51,7276785
2004,WASHINGTON,WA,53,6055613
2004,WEST VIRGINIA,WV,54,1799392
2004,WISCONSIN,WI,55,5444638
2004,WYOMING,WY,56,496969
2003,ALABAMA,AL,1,4469906
2003,ALASKA,AK,2,642391
2003,ARIZONA,AZ,4,5449195
2003,ARKANSAS,AR,5,2701889
2003,CALIFORNIA,CA,6,34916495
2003,COLORADO,CO,8,4503156
2003,CONNECTICUT,CT,9,3448261
2003,DELAWARE,DE,10,803774
2003,FLORIDA,FL,12,16652679
2003,GEORGIA,GA,13,8583674
2003,HAWAII,HI,15,1227391
2003,IDAHO,ID,16,1341408
2003,ILLINOIS,IL,17,12565228
2003,INDIANA,IN,18,6146974
2003,IOWA,IA,19,2929395
2003,KANSAS,KS,20,2712561
2003,KENTUCKY,KY,21,4086754
2003,LOUISIANA,LA,22,4465215
2003,MAINE,ME,23,1293667
2003,MARYLAND,MD,24,5439327
2003,MASSACHUSETTS,MA,25,6433043
2003,MICHIGAN,MI,26,10037303
2003,MINNESOTA,MN,27,5016643
2003,MISSISSIPPI,MS,28,2858013
2003,MISSOURI,MO,29,5675641
2003,MONTANA,MT,30,909859
2003,NEBRASKA,NE,31,1724236
2003,NEVADA,NV,32,2164518
2003,NEW HAMPSHIRE,NH,33,1270701
2003,NEW JERSEY,NJ,34,8547410
2003,NEW MEXICO,NM,35,1848986
2003,NEW YORK,NY,36,19161573
2003,NORTH CAROLINA,NC,37,8311263
2003,NORTH DAKOTA,ND,38,633521
2003,OHIO,OH,39,11410582
2003,OKLAHOMA,OK,40,3482946
2003,OREGON,OR,41,3517982
2003,PENNSYLVANIA,PA,42,12298775
2003,RHODE ISLAND,RI,44,1065937
2003,SOUTH CAROLINA,SC,45,4102211
2003,SOUTH DAKOTA,SD,46,761709
2003,TENNESSEE,TN,47,5799093
2003,TEXAS,TX,48,21713397
2003,UTAH,UT,49,2334462
2003,VERMONT,VT,50,614994
2003,VIRGINIA,VA,51,7276785
2003,WASHINGTON,WA,53,6055613
2003,WEST VIRGINIA,WV,54,1799392
2003,WISCONSIN,WI,55,5444638
2003,WYOMING,WY,56,496969
2002,ALABAMA,AL,1,4447100
2002,ALASKA,AK,2,626932
2002,ARIZONA,AZ,4,5130632
2002,ARKANSAS,AR,5,2673400
2002,CALIFORNIA,CA,6,33871648
2002,COLORADO,CO,8,4301261
2002,CONNECTICUT,CT,9,3405565
2002,DELAWARE,DE,10,783600
2002,FLORIDA,FL,12,15982378
2002,GEORGIA,GA,13,8186453
2002,HAWAII,HI,15,1211537
2002,IDAHO,ID,16,1293953
2002,ILLINOIS,IL,17,12419293
2002,INDIANA,IN,18,6080485
2002,IOWA,IA,19,2926324
2002,KANSAS,KS,20,2688418
2002,KENTUCKY,KY,21,4041769
2002,LOUISIANA,LA,22,4468976
2002,MAINE,ME,23,1274923
2002,MARYLAND,MD,24,5296486
2002,MASSACHUSETTS,MA,25,6349097
2002,MICHIGAN,MI,26,9938444
2002,MINNESOTA,MN,27,4919479
2002,MISSISSIPPI,MS,28,2844658
2002,MISSOURI,MO,29,5595211
2002,MONTANA,MT,30,902195
2002,NEBRASKA,NE,31,1711263
2002,NEVADA,NV,32,1998257
2002,NEW HAMPSHIRE,NH,33,1235786
2002,NEW JERSEY,NJ,34,8414350
2002,NEW MEXICO,NM,35,1819046
2002,NEW YORK,NY,36,18976457
2002,NORTH CAROLINA,NC,37,8049313
2002,NORTH DAKOTA,ND,38,642200
2002,OHIO,OH,39,11353140
2002,OKLAHOMA,OK,40,3450654
2002,OREGON,OR,41,3421399
2002,PENNSYLVANIA,PA,42,12281054
2002,RHODE ISLAND,RI,44,1048319
2002,SOUTH CAROLINA,SC,45,4012012
2002,SOUTH DAKOTA,SD,46,754844
2002,TENNESSEE,TN,47,5689283
2002,TEXAS,TX,48,20851820
2002,UTAH,UT,49,2233169
2002,VERMONT,VT,50,608827
2002,VIRGINIA,VA,51,7078515
2002,WASHINGTON,WA,53,5894121
2002,WEST VIRGINIA,WV,54,1808344
2002,WISCONSIN,WI,55,5363675
2002,WYOMING,WY,56,493782
2001,ALABAMA,AL,1,4447100
2001,ALASKA,AK,2,626932
2001,ARIZONA,AZ,4,5130632
2001,ARKANSAS,AR,5,2673400
2001,CALIFORNIA,CA,6,33871648
2001,COLORADO,CO,8,4301261
2001,CONNECTICUT,CT,9,3405565
2001,DELAWARE,DE,10,783600
2001,FLORIDA,FL,12,15982378
2001,GEORGIA,GA,13,8186453
2001,HAWAII,HI,15,1211537
2001,IDAHO,ID,16,1293953
2001,ILLINOIS,IL,17,12419293
2001,INDIANA,IN,18,6080485
2001,IOWA,IA,19,2926324
2001,KANSAS,KS,20,2688418
2001,KENTUCKY,KY,21,4041769
2001,LOUISIANA,LA,22,4468976
2001,MAINE,ME,23,1274923
2001,MARYLAND,MD,24,5296486
2001,MASSACHUSETTS,MA,25,6349097
2001,MICHIGAN,MI,26,9938444
2001,MINNESOTA,MN,27,4919479
2001,MISSISSIPPI,MS,28,2844658
2001,MISSOURI,MO,29,5595211
2001,MONTANA,MT,30,902195
2001,NEBRASKA,NE,31,1711263
2001,NEVADA,NV,32,1998257
2001,NEW HAMPSHIRE,NH,33,1235786
2001,NEW JERSEY,NJ,34,8414350
2001,NEW MEXICO,NM,35,1819046
2001,NEW YORK,NY,36,18976457
2001,NORTH CAROLINA,NC,37,8049313
2001,NORTH DAKOTA,ND,38,642200
2001,OHIO,OH,39,11353140
2001,OKLAHOMA,OK,40,3450654
2001,OREGON,OR,41,3421399
2001,PENNSYLVANIA,PA,42,12281054
2001,RHODE ISLAND,RI,44,1048319
2001,SOUTH CAROLINA,SC,45,4012012
2001,SOUTH DAKOTA,SD,46,754844
2001,TENNESSEE,TN,47,5689283
2001,TEXAS,TX,48,20851820
2001,UTAH,UT,49,2233169
2001,VERMONT,VT,50,608827
2001,VIRGINIA,VA,51,7078515
2001,WASHINGTON,WA,53,5894121
2001,WEST VIRGINIA,WV,54,1808344
2001,WISCONSIN,WI,55,5363675
2001,WYOMING,WY,56,493782
2000,ALABAMA,AL,1,4447100
2000,ALASKA,AK,2,626932
2000,ARIZONA,AZ,4,5130632
2000,ARKANSAS,AR,5,2673400
2000,CALIFORNIA,CA,6,33871648
2000,COLORADO,CO,8,4301261
2000,CONNECTICUT,CT,9,3405565
2000,DELAWARE,DE,10,783600
2000,FLORIDA,FL,12,15982378
2000,GEORGIA,GA,13,8186453
2000,HAWAII,HI,15,1211537
2000,IDAHO,ID,16,1293953
2000,ILLINOIS,IL,17,12419293
2000,INDIANA,IN,18,6080485
2000,IOWA,IA,19,2926324
2000,KANSAS,KS,20,2688418
2000,KENTUCKY,KY,21,4041769
2000,LOUISIANA,LA,22,4468976
2000,MAINE,ME,23,1274923
2000,MARYLAND,MD,24,5296486
2000,MASSACHUSETTS,MA,25,6349097
2000,MICHIGAN,MI,26,9938444
2000,MINNESOTA,MN,27,4919479
2000,MISSISSIPPI,MS,28,2844658
2000,MISSOURI,MO,29,5595211
2000,MONTANA,MT,30,902195
2000,NEBRASKA,NE,31,1711263
2000,NEVADA,NV,32,1998257
2000,NEW HAMPSHIRE,NH,33,1235786
2000,NEW JERSEY,NJ,34,8414350
2000,NEW MEXICO,NM,35,1819046
2000,NEW YORK,NY,36,18976457
2000,NORTH CAROLINA,NC,37,8049313
2000,NORTH DAKOTA,ND,38,642200
2000,OHIO,OH,39,11353140
2000,OKLAHOMA,OK,40,3450654
2000,OREGON,OR,41,3421399
2000,PENNSYLVANIA,PA,42,12281054
2000,RHODE ISLAND,RI,44,1048319
2000,SOUTH CAROLINA,SC,45,4012012
2000,SOUTH DAKOTA,SD,46,754844
2000,TENNESSEE,TN,47,5689283
2000,TEXAS,TX,48,20851820
2000,UTAH,UT,49,2233169
2000,VERMONT,VT,50,608827
2000,VIRGINIA,VA,51,7078515
2000,WASHINGTON,WA,53,5894121
2000,WEST VIRGINIA,WV,54,1808344
2000,WISCONSIN,WI,55,5363675
2000,WYOMING,WY,56,493782
1999,ALABAMA,AL,1,4351037
1999,ALASKA,AK,2,615205
1999,ARIZONA,AZ,4,4667277
1999,ARKANSAS,AR,5,2538202
1999,CALIFORNIA,CA,6,32682794
1999,COLORADO,CO,8,3968967
1999,CONNECTICUT,CT,9,3272563
1999,DELAWARE,DE,10,744066
1999,FLORIDA,FL,12,14908230
1999,GEORGIA,GA,13,7636522
1999,HAWAII,HI,15,1190472
1999,IDAHO,ID,16,1230923
1999,ILLINOIS,IL,17,12069774
1999,INDIANA,IN,18,5907617
1999,IOWA,IA,19,2861025
1999,KANSAS,KS,20,2638667
1999,KENTUCKY,KY,21,3934310
1999,LOUISIANA,LA,22,4362758
1999,MAINE,ME,23,1247554
1999,MARYLAND,MD,24,5130072
1999,MASSACHUSETTS,MA,25,6144407
1999,MICHIGAN,MI,26,9820231
1999,MINNESOTA,MN,27,4726411
1999,MISSISSIPPI,MS,28,2751335
1999,MISSOURI,MO,29,5437562
1999,MONTANA,MT,30,879533
1999,NEBRASKA,NE,31,1660772
1999,NEVADA,NV,32,1743772
1999,NEW HAMPSHIRE,NH,33,1185823
1999,NEW JERSEY,NJ,34,8095542
1999,NEW MEXICO,NM,35,1733535
1999,NEW YORK,NY,36,18159175
1999,NORTH CAROLINA,NC,37,7545828
1999,NORTH DAKOTA,ND,38,637808
1999,OHIO,OH,39,11237752
1999,OKLAHOMA,OK,40,3339478
1999,OREGON,OR,41,3282055
1999,PENNSYLVANIA,PA,42,12002329
1999,RHODE ISLAND,RI,44,987704
1999,SOUTH CAROLINA,SC,45,3839578
1999,SOUTH DAKOTA,SD,46,730789
1999,TENNESSEE,TN,47,5432679
1999,TEXAS,TX,48,19712389
1999,UTAH,UT,49,2100562
1999,VERMONT,VT,50,590579
1999,VIRGINIA,VA,51,6789225
1999,WASHINGTON,WA,53,5687832
1999,WEST VIRGINIA,WV,54,1811688
1999,WISCONSIN,WI,55,5222124
1999,WYOMING,WY,56,480045
1998,ALABAMA,AL,1,4290403
1998,ALASKA,AK,2,604918
1998,ARIZONA,AZ,4,4432308
1998,ARKANSAS,AR,5,2504858
1998,CALIFORNIA,CA,6,31780829
1998,COLORADO,CO,8,3812716
1998,CONNECTICUT,CT,9,3267030
1998,DELAWARE,DE,10,727090
1998,FLORIDA,FL,12,14426911
1998,GEORGIA,GA,13,7332225
1998,HAWAII,HI,15,1184434
1998,IDAHO,ID,16,1187706
1998,ILLINOIS,IL,17,11953003
1998,INDIANA,IN,18,5834908
1998,IOWA,IA,19,2848473
1998,KANSAS,KS,20,2598266
1998,KENTUCKY,KY,21,3881051
1998,LOUISIANA,LA,22,4338763
1998,MAINE,ME,23,1241436
1998,MARYLAND,MD,24,5057142
1998,MASSACHUSETTS,MA,25,6085393
1998,MICHIGAN,MI,26,9739184
1998,MINNESOTA,MN,27,4647723
1998,MISSISSIPPI,MS,28,2709925
1998,MISSOURI,MO,29,5367888
1998,MONTANA,MT,30,876656
1998,NEBRASKA,NE,31,1647657
1998,NEVADA,NV,32,1596476
1998,NEW HAMPSHIRE,NH,33,1160768
1998,NEW JERSEY,NJ,34,8009624
1998,NEW MEXICO,NM,35,1706151
1998,NEW YORK,NY,36,18143805
1998,NORTH CAROLINA,NC,37,7307658
1998,NORTH DAKOTA,ND,38,642858
1998,OHIO,OH,39,11187032
1998,OKLAHOMA,OK,40,3289634
1998,OREGON,OR,41,3195087
1998,PENNSYLVANIA,PA,42,12038008
1998,RHODE ISLAND,RI,44,987858
1998,SOUTH CAROLINA,SC,45,3738974
1998,SOUTH DAKOTA,SD,46,730699
1998,TENNESSEE,TN,47,5313576
1998,TEXAS,TX,48,19006240
1998,UTAH,UT,49,2022253
1998,VERMONT,VT,50,586352
1998,VIRGINIA,VA,51,6665491
1998,WASHINGTON,WA,53,5509963
1998,WEST VIRGINIA,WV,54,1818983
1998,WISCONSIN,WI,55,5173828
1998,WYOMING,WY,56,480085
1997,ALABAMA,AL,1,4290403
1997,ALASKA,AK,2,604918
1997,ARIZONA,AZ,4,4432308
1997,ARKANSAS,AR,5,2504858
1997,CALIFORNIA,CA,6,31780829
1997,COLORADO,CO,8,3812716
1997,CONNECTICUT,CT,9,3267030
1997,DELAWARE,DE,10,727090
1997,FLORIDA,FL,12,14426911
1997,GEORGIA,GA,13,7332225
1997,HAWAII,HI,15,1184434
1997,IDAHO,ID,16,1187706
1997,ILLINOIS,IL,17,11953003
1997,INDIANA,IN,18,5834908
1997,IOWA,IA,19,2848473
1997,KANSAS,KS,20,2598266
1997,KENTUCKY,KY,21,3881051
1997,LOUISIANA,LA,22,4338763
1997,MAINE,ME,23,1241436
1997,MARYLAND,MD,24,5057142
1997,MASSACHUSETTS,MA,25,6085393
1997,MICHIGAN,MI,26,9739184
1997,MINNESOTA,MN,27,4647723
1997,MISSISSIPPI,MS,28,2709925
1997,MISSOURI,MO,29,5367888
1997,MONTANA,MT,30,876656
1997,NEBRASKA,NE,31,1647657
1997,NEVADA,NV,32,1596476
1997,NEW HAMPSHIRE,NH,33,1160768
1997,NEW JERSEY,NJ,34,8009624
1997,NEW MEXICO,NM,35,1706151
1997,NEW YORK,NY,36,18143805
1997,NORTH CAROLINA,NC,37,7307658
1997,NORTH DAKOTA,ND,38,642858
1997,OHIO,OH,39,11187032
1997,OKLAHOMA,OK,40,3289634
1997,OREGON,OR,41,3195087
1997,PENNSYLVANIA,PA,42,12038008
1997,RHODE ISLAND,RI,44,987858
1997,SOUTH CAROLINA,SC,45,3738974
1997,SOUTH DAKOTA,SD,46,730699
1997,TENNESSEE,TN,47,5313576
1997,TEXAS,TX,48,19006240
1997,UTAH,UT,49,2022253
1997,VERMONT,VT,50,586352
1997,VIRGINIA,VA,51,6665491
1997,WASHINGTON,WA,53,5509963
1997,WEST VIRGINIA,WV,54,1818983
1997,WISCONSIN,WI,55,5173828
1997,WYOMING,WY,56,480085
1996,ALABAMA,AL,1,4290403
1996,ALASKA,AK,2,604918
1996,ARIZONA,AZ,4,4432308
1996,ARKANSAS,AR,5,2504858
1996,CALIFORNIA,CA,6,31780829
1996,COLORADO,CO,8,3812716
1996,CONNECTICUT,CT,9,3267030
1996,DELAWARE,DE,10,727090
1996,FLORIDA,FL,12,14426911
1996,GEORGIA,GA,13,7332225
1996,HAWAII,HI,15,1184434
1996,IDAHO,ID,16,1187706
1996,ILLINOIS,IL,17,11953003
1996,INDIANA,IN,18,5834908
1996,IOWA,IA,19,2848473
1996,KANSAS,KS,20,2598266
1996,KENTUCKY,KY,21,3881051
1996,LOUISIANA,LA,22,4338763
1996,MAINE,ME,23,1241436
1996,MARYLAND,MD,24,5057142
1996,MASSACHUSETTS,MA,25,6085393
1996,MICHIGAN,MI,26,9739184
1996,MINNESOTA,MN,27,4647723
1996,MISSISSIPPI,MS,28,2709925
1996,MISSOURI,MO,29,5367888
1996,MONTANA,MT,30,876656
1996,NEBRASKA,NE,31,1647657
1996,NEVADA,NV,32,1596476
1996,NEW HAMPSHIRE,NH,33,1160768
1996,NEW JERSEY,NJ,34,8009624
1996,NEW MEXICO,NM,35,1706151
1996,NEW YORK,NY,36,18143805
1996,NORTH CAROLINA,NC,37,7307658
1996,NORTH DAKOTA,ND,38,642858
1996,OHIO,OH,39,11187032
1996,OKLAHOMA,OK,40,3289634
1996,OREGON,OR,41,3195087
1996,PENNSYLVANIA,PA,42,12038008
1996,RHODE ISLAND,RI,44,987858
1996,SOUTH CAROLINA,SC,45,3738974
1996,SOUTH DAKOTA,SD,46,730699
1996,TENNESSEE,TN,47,5313576
1996,TEXAS,TX,48,19006240
1996,UTAH,UT,49,2022253
1996,VERMONT,VT,50,586352
1996,VIRGINIA,VA,51,6665491
1996,WASHINGTON,WA,53,5509963
1996,WEST VIRGINIA,WV,54,1818983
1996,WISCONSIN,WI,55,5173828
1996,WYOMING,WY,56,480085
1995,ALABAMA,AL,1,4232965
1995,ALASKA,AK,2,600624
1995,ARIZONA,AZ,4,4147561
1995,ARKANSAS,AR,5,2450605
1995,CALIFORNIA,CA,6,31317179
1995,COLORADO,CO,8,3653910
1995,CONNECTICUT,CT,9,3268346
1995,DELAWARE,DE,10,708416
1995,FLORIDA,FL,12,13961798
1995,GEORGIA,GA,13,7045900
1995,HAWAII,HI,15,1173903
1995,IDAHO,ID,16,1135459
1995,ILLINOIS,IL,17,11804986
1995,INDIANA,IN,18,5745626
1995,IOWA,IA,19,2829422
1995,KANSAS,KS,20,2569118
1995,KENTUCKY,KY,21,3823215
1995,LOUISIANA,LA,22,4306500
1995,MAINE,ME,23,1237687
1995,MARYLAND,MD,24,4985411
1995,MASSACHUSETTS,MA,25,6031352
1995,MICHIGAN,MI,26,9584481
1995,MINNESOTA,MN,27,4566028
1995,MISSISSIPPI,MS,28,2663450
1995,MISSOURI,MO,29,5281206
1995,MONTANA,MT,30,854923
1995,NEBRASKA,NE,31,1621551
1995,NEVADA,NV,32,1456388
1995,NEW HAMPSHIRE,NH,33,1133054
1995,NEW JERSEY,NJ,34,7918796
1995,NEW MEXICO,NM,35,1653329
1995,NEW YORK,NY,36,18156652
1995,NORTH CAROLINA,NC,37,7060959
1995,NORTH DAKOTA,ND,38,639762
1995,OHIO,OH,39,11111451
1995,OKLAHOMA,OK,40,3246119
1995,OREGON,OR,41,3087142
1995,PENNSYLVANIA,PA,42,12042545
1995,RHODE ISLAND,RI,44,993412
1995,SOUTH CAROLINA,SC,45,3666456
1995,SOUTH DAKOTA,SD,46,723038
1995,TENNESSEE,TN,47,5163016
1995,TEXAS,TX,48,18338319
1995,UTAH,UT,49,1930436
1995,VERMONT,VT,50,578900
1995,VIRGINIA,VA,51,6536771
1995,WASHINGTON,WA,53,5334896
1995,WEST VIRGINIA,WV,54,1818490
1995,WISCONSIN,WI,55,5095504
1995,WYOMING,WY,56,474982
1994,ALABAMA,AL,1,4232965
1994,ALASKA,AK,2,600624
1994,ARIZONA,AZ,4,4147561
1994,ARKANSAS,AR,5,2450605
1994,CALIFORNIA,CA,6,31317179
1994,COLORADO,CO,8,3653910
1994,CONNECTICUT,CT,9,3268346
1994,DELAWARE,DE,10,708416
1994,FLORIDA,FL,12,13961798
1994,GEORGIA,GA,13,7045900
1994,HAWAII,HI,15,1173903
1994,IDAHO,ID,16,1135459
1994,ILLINOIS,IL,17,11804986
1994,INDIANA,IN,18,5745626
1994,IOWA,IA,19,2829422
1994,KANSAS,KS,20,2569118
1994,KENTUCKY,KY,21,3823215
1994,LOUISIANA,LA,22,4306500
1994,MAINE,ME,23,1237687
1994,MARYLAND,MD,24,4985411
1994,MASSACHUSETTS,MA,25,6031352
1994,MICHIGAN,MI,26,9584481
1994,MINNESOTA,MN,27,4566028
1994,MISSISSIPPI,MS,28,2663450
1994,MISSOURI,MO,29,5281206
1994,MONTANA,MT,30,854923
1994,NEBRASKA,NE,31,1621551
1994,NEVADA,NV,32,1456388
1994,NEW HAMPSHIRE,NH,33,1133054
1994,NEW JERSEY,NJ,34,7918796
1994,NEW MEXICO,NM,35,1653329
1994,NEW YORK,NY,36,18156652
1994,NORTH CAROLINA,NC,37,7060959
1994,NORTH DAKOTA,ND,38,639762
1994,OHIO,OH,39,11111451
1994,OKLAHOMA,OK,40,3246119
1994,OREGON,OR,41,3087142
1994,PENNSYLVANIA,PA,42,12042545
1994,RHODE ISLAND,RI,44,993412
1994,SOUTH CAROLINA,SC,45,3666456
1994,SOUTH DAKOTA,SD,46,723038
1994,TENNESSEE,TN,47,5163016
1994,TEXAS,TX,48,18338319
1994,UTAH,UT,49,1930436
1994,VERMONT,VT,50,578900
1994,VIRGINIA,VA,51,6536771
1994,WASHINGTON,WA,53,5334896
1994,WEST VIRGINIA,WV,54,1818490
1994,WISCONSIN,WI,55,5095504
1994,WYOMING,WY,56,474982
1993,ALABAMA,AL,1,4040389
1993,ALASKA,AK,2,550043
1993,ARIZONA,AZ,4,3665339
1993,ARKANSAS,AR,5,2350624
1993,CALIFORNIA,CA,6,29811427
1993,COLORADO,CO,8,3294473
1993,CONNECTICUT,CT,9,3287116
1993,DELAWARE,DE,10,666168
1993,FLORIDA,FL,12,12938071
1993,GEORGIA,GA,13,6478149
1993,HAWAII,HI,15,1108229
1993,IDAHO,ID,16,1006734
1993,ILLINOIS,IL,17,11430602
1993,INDIANA,IN,18,5544156
1993,IOWA,IA,19,2776831
1993,KANSAS,KS,20,2477588
1993,KENTUCKY,KY,21,3686892
1993,LOUISIANA,LA,22,4221826
1993,MAINE,ME,23,1227928
1993,MARYLAND,MD,24,4780753
1993,MASSACHUSETTS,MA,25,6016425
1993,MICHIGAN,MI,26,9295287
1993,MINNESOTA,MN,27,4375665
1993,MISSISSIPPI,MS,28,2575475
1993,MISSOURI,MO,29,5116901
1993,MONTANA,MT,30,799065
1993,NEBRASKA,NE,31,1578417
1993,NEVADA,NV,32,1201675
1993,NEW HAMPSHIRE,NH,33,1109252
1993,NEW JERSEY,NJ,34,7747750
1993,NEW MEXICO,NM,35,1515069
1993,NEW YORK,NY,36,17990778
1993,NORTH CAROLINA,NC,37,6632448
1993,NORTH DAKOTA,ND,38,638800
1993,OHIO,OH,39,10847115
1993,OKLAHOMA,OK,40,3145576
1993,OREGON,OR,41,2842337
1993,PENNSYLVANIA,PA,42,11882842
1993,RHODE ISLAND,RI,44,1003464
1993,SOUTH CAROLINA,SC,45,3486310
1993,SOUTH DAKOTA,SD,46,696004
1993,TENNESSEE,TN,47,4877203
1993,TEXAS,TX,48,16986335
1993,UTAH,UT,49,1722850
1993,VERMONT,VT,50,562758
1993,VIRGINIA,VA,51,6189197
1993,WASHINGTON,WA,53,4866669
1993,WEST VIRGINIA,WV,54,1793477
1993,WISCONSIN,WI,55,4891954
1993,WYOMING,WY,56,453589
1992,ALABAMA,AL,1,4040389
1992,ALASKA,AK,2,550043
1992,ARIZONA,AZ,4,3665339
1992,ARKANSAS,AR,5,2350624
1992,CALIFORNIA,CA,6,29811427
1992,COLORADO,CO,8,3294473
1992,CONNECTICUT,CT,9,3287116
1992,DELAWARE,DE,10,666168
1992,FLORIDA,FL,12,12938071
1992,GEORGIA,GA,13,6478149
1992,HAWAII,HI,15,1108229
1992,IDAHO,ID,16,1006734
1992,ILLINOIS,IL,17,11430602
1992,INDIANA,IN,18,5544156
1992,IOWA,IA,19,2776831
1992,KANSAS,KS,20,2477588
1992,KENTUCKY,KY,21,3686892
1992,LOUISIANA,LA,22,4221826
1992,MAINE,ME,23,1227928
1992,MARYLAND,MD,24,4780753
1992,MASSACHUSETTS,MA,25,6016425
1992,MICHIGAN,MI,26,9295287
1992,MINNESOTA,MN,27,4375665
1992,MISSISSIPPI,MS,28,2575475
1992,MISSOURI,MO,29,5116901
1992,MONTANA,MT,30,799065
1992,NEBRASKA,NE,31,1578417
1992,NEVADA,NV,32,1201675
1992,NEW HAMPSHIRE,NH,33,1109252
1992,NEW JERSEY,NJ,34,7747750
1992,NEW MEXICO,NM,35,1515069
1992,NEW YORK,NY,36,17990778
1992,NORTH CAROLINA,NC,37,6632448
1992,NORTH DAKOTA,ND,38,638800
1992,OHIO,OH,39,10847115
1992,OKLAHOMA,OK,40,3145576
1992,OREGON,OR,41,2842337
1992,PENNSYLVANIA,PA,42,11882842
1992,RHODE ISLAND,RI,44,1003464
1992,SOUTH CAROLINA,SC,45,3486310
1992,SOUTH DAKOTA,SD,46,696004
1992,TENNESSEE,TN,47,4877203
1992,TEXAS,TX,48,16986335
1992,UTAH,UT,49,1722850
1992,VERMONT,VT,50,562758
1992,VIRGINIA,VA,51,6189197
1992,WASHINGTON,WA,53,4866669
1992,WEST VIRGINIA,WV,54,1793477
1992,WISCONSIN,WI,55,4891954
1992,WYOMING,WY,56,453589
1991,ALABAMA,AL,1,4040389
1991,ALASKA,AK,2,550043
1991,ARIZONA,AZ,4,3665339
1991,ARKANSAS,AR,5,2350624
1991,CALIFORNIA,CA,6,29811427
1991,COLORADO,CO,8,3294473
1991,CONNECTICUT,CT,9,3287116
1991,DELAWARE,DE,10,666168
1991,FLORIDA,FL,12,12938071
1991,GEORGIA,GA,13,6478149
1991,HAWAII,HI,15,1108229
1991,IDAHO,ID,16,1006734
1991,ILLINOIS,IL,17,11430602
1991,INDIANA,IN,18,5544156
1991,IOWA,IA,19,2776831
1991,KANSAS,KS,20,2477588
1991,KENTUCKY,KY,21,3686892
1991,LOUISIANA,LA,22,4221826
1991,MAINE,ME,23,1227928
1991,MARYLAND,MD,24,4780753
1991,MASSACHUSETTS,MA,25,6016425
1991,MICHIGAN,MI,26,9295287
1991,MINNESOTA,MN,27,4375665
1991,MISSISSIPPI,MS,28,2575475
1991,MISSOURI,MO,29,5116901
1991,MONTANA,MT,30,799065
1991,NEBRASKA,NE,31,1578417
1991,NEVADA,NV,32,1201675
1991,NEW HAMPSHIRE,NH,33,1109252
1991,NEW JERSEY,NJ,34,7747750
1991,NEW MEXICO,NM,35,1515069
1991,NEW YORK,NY,36,17990778
1991,NORTH CAROLINA,NC,37,6632448
1991,NORTH DAKOTA,ND,38,638800
1991,OHIO,OH,39,10847115
1991,OKLAHOMA,OK,40,3145576
1991,OREGON,OR,41,2842337
1991,PENNSYLVANIA,PA,42,11882842
1991,RHODE ISLAND,RI,44,1003464
1991,SOUTH CAROLINA,SC,45,3486310
1991,SOUTH DAKOTA,SD,46,696004
1991,TENNESSEE,TN,47,4877203
1991,TEXAS,TX,48,16986335
1991,UTAH,UT,49,1722850
1991,VERMONT,VT,50,562758
1991,VIRGINIA,VA,51,6189197
1991,WASHINGTON,WA,53,4866669
1991,WEST VIRGINIA,WV,54,1793477
1991,WISCONSIN,WI,55,4891954
1991,WYOMING,WY,56,453589
1990,ALABAMA,AL,1,4023844
1990,ALASKA,AK,2,541983
1990,ARIZONA,AZ,4,3535183
1990,ARKANSAS,AR,5,2342656
1990,CALIFORNIA,CA,6,28464249
1990,COLORADO,CO,8,3262281
1990,CONNECTICUT,CT,9,3271953
1990,DELAWARE,DE,10,647622
1990,FLORIDA,FL,12,12306395
1990,GEORGIA,GA,13,6316142
1990,HAWAII,HI,15,1079828
1990,IDAHO,ID,16,985664
1990,ILLINOIS,IL,17,11390183
1990,INDIANA,IN,18,5491735
1990,IOWA,IA,19,2768388
1990,KANSAS,KS,20,2461996
1990,KENTUCKY,KY,21,3679999
1990,LOUISIANA,LA,22,4288863
1990,MAINE,ME,23,1203840
1990,MARYLAND,MD,24,4657904
1990,MASSACHUSETTS,MA,25,5979982
1990,MICHIGAN,MI,26,9217998
1990,MINNESOTA,MN,27,4296166
1990,MISSISSIPPI,MS,28,2580352
1990,MISSOURI,MO,29,5081736
1990,MONTANA,MT,30,800202
1990,NEBRASKA,NE,31,1571477
1990,NEVADA,NV,32,1075022
1990,NEW HAMPSHIRE,NH,33,1082577
1990,NEW JERSEY,NJ,34,7712333
1990,NEW MEXICO,NM,35,1490337
1990,NEW YORK,NY,36,17941309
1990,NORTH CAROLINA,NC,37,6480594
1990,NORTH DAKOTA,ND,38,655331
1990,OHIO,OH,39,10798552
1990,OKLAHOMA,OK,40,3167057
1990,OREGON,OR,41,2741297
1990,PENNSYLVANIA,PA,42,11845752
1990,RHODE ISLAND,RI,44,996408
1990,SOUTH CAROLINA,SC,45,3412096
1990,SOUTH DAKOTA,SD,46,698165
1990,TENNESSEE,TN,47,4822437
1990,TEXAS,TX,48,16667022
1990,UTAH,UT,49,1689372
1990,VERMONT,VT,50,549763
1990,VIRGINIA,VA,51,6036909
1990,WASHINGTON,WA,53,4639893
1990,WEST VIRGINIA,WV,54,1830215
1990,WISCONSIN,WI,55,4822388
1990,WYOMING,WY,56,465101
1989,ALABAMA,AL,1,4023844
1989,ALASKA,AK,2,541983
1989,ARIZONA,AZ,4,3535183
1989,ARKANSAS,AR,5,2342656
1989,CALIFORNIA,CA,6,28464249
1989,COLORADO,CO,8,3262281
1989,CONNECTICUT,CT,9,3271953
1989,DELAWARE,DE,10,647622
1989,FLORIDA,FL,12,12306395
1989,GEORGIA,GA,13,6316142
1989,HAWAII,HI,15,1079828
1989,IDAHO,ID,16,985664
1989,ILLINOIS,IL,17,11390183
1989,INDIANA,IN,18,5491735
1989,IOWA,IA,19,2768388
1989,KANSAS,KS,20,2461996
1989,KENTUCKY,KY,21,3679999
1989,LOUISIANA,LA,22,4288863
1989,MAINE,ME,23,1203840
1989,MARYLAND,MD,24,4657904
1989,MASSACHUSETTS,MA,25,5979982
1989,MICHIGAN,MI,26,9217998
1989,MINNESOTA,MN,27,4296166
1989,MISSISSIPPI,MS,28,2580352
1989,MISSOURI,MO,29,5081736
1989,MONTANA,MT,30,800202
1989,NEBRASKA,NE,31,1571477
1989,NEVADA,NV,32,1075022
1989,NEW HAMPSHIRE,NH,33,1082577
1989,NEW JERSEY,NJ,34,7712333
1989,NEW MEXICO,NM,35,1490337
1989,NEW YORK,NY,36,17941309
1989,NORTH CAROLINA,NC,37,6480594
1989,NORTH DAKOTA,ND,38,655331
1989,OHIO,OH,39,10798552
1989,OKLAHOMA,OK,40,3167057
1989,OREGON,OR,41,2741297
1989,PENNSYLVANIA,PA,42,11845752
1989,RHODE ISLAND,RI,44,996408
1989,SOUTH CAROLINA,SC,45,3412096
1989,SOUTH DAKOTA,SD,46,698165
1989,TENNESSEE,TN,47,4822437
1989,TEXAS,TX,48,16667022
1989,UTAH,UT,49,1689372
1989,VERMONT,VT,50,549763
1989,VIRGINIA,VA,51,6036909
1989,WASHINGTON,WA,53,4639893
1989,WEST VIRGINIA,WV,54,1830215
1989,WISCONSIN,WI,55,4822388
1989,WYOMING,WY,56,465101
1988,ALABAMA,AL,1,3991569
1988,ALASKA,AK,2,544268
1988,ARIZONA,AZ,4,3308262
1988,ARKANSAS,AR,5,2331984
1988,CALIFORNIA,CA,6,27102237
1988,COLORADO,CO,8,3237450
1988,CONNECTICUT,CT,9,3223740
1988,DELAWARE,DE,10,627559
1988,FLORIDA,FL,12,11667505
1988,GEORGIA,GA,13,6084666
1988,HAWAII,HI,15,1051762
1988,IDAHO,ID,16,990224
1988,ILLINOIS,IL,17,11387257
1988,INDIANA,IN,18,5454108
1988,IOWA,IA,19,2791970
1988,KANSAS,KS,20,2432619
1988,KENTUCKY,KY,21,3687809
1988,LOUISIANA,LA,22,4406919
1988,MAINE,ME,23,1170126
1988,MARYLAND,MD,24,4486957
1988,MASSACHUSETTS,MA,25,5902678
1988,MICHIGAN,MI,26,9127775
1988,MINNESOTA,MN,27,4205212
1988,MISSISSIPPI,MS,28,2593597
1988,MISSOURI,MO,29,5023068
1988,MONTANA,MT,30,813739
1988,NEBRASKA,NE,31,1574333
1988,NEVADA,NV,32,980613
1988,NEW HAMPSHIRE,NH,33,1025053
1988,NEW JERSEY,NJ,34,7622159
1988,NEW MEXICO,NM,35,1462729
1988,NEW YORK,NY,36,17833419
1988,NORTH CAROLINA,NC,37,6321578
1988,NORTH DAKOTA,ND,38,669512
1988,OHIO,OH,39,10730268
1988,OKLAHOMA,OK,40,3252735
1988,OREGON,OR,41,2683528
1988,PENNSYLVANIA,PA,42,11782752
1988,RHODE ISLAND,RI,44,977341
1988,SOUTH CAROLINA,SC,45,3342758
1988,SOUTH DAKOTA,SD,46,696034
1988,TENNESSEE,TN,47,4738708
1988,TEXAS,TX,48,16561113
1988,UTAH,UT,49,1662834
1988,VERMONT,VT,50,534066
1988,VIRGINIA,VA,51,5811700
1988,WASHINGTON,WA,53,4452720
1988,WEST VIRGINIA,WV,54,1882350
1988,WISCONSIN,WI,55,4755618
1988,WYOMING,WY,56,495633
1987,ALABAMA,AL,1,3991569
1987,ALASKA,AK,2,544268
1987,ARIZONA,AZ,4,3308262
1987,ARKANSAS,AR,5,2331984
1987,CALIFORNIA,CA,6,27102237
1987,COLORADO,CO,8,3237450
1987,CONNECTICUT,CT,9,3223740
1987,DELAWARE,DE,10,627559
1987,FLORIDA,FL,12,11667505
1987,GEORGIA,GA,13,6084666
1987,HAWAII,HI,15,1051762
1987,IDAHO,ID,16,990224
1987,ILLINOIS,IL,17,11387257
1987,INDIANA,IN,18,5454108
1987,IOWA,IA,19,2791970
1987,KANSAS,KS,20,2432619
1987,KENTUCKY,KY,21,3687809
1987,LOUISIANA,LA,22,4406919
1987,MAINE,ME,23,1170126
1987,MARYLAND,MD,24,4486957
1987,MASSACHUSETTS,MA,25,5902678
1987,MICHIGAN,MI,26,9127775
1987,MINNESOTA,MN,27,4205212
1987,MISSISSIPPI,MS,28,2593597
1987,MISSOURI,MO,29,5023068
1987,MONTANA,MT,30,813739
1987,NEBRASKA,NE,31,1574333
1987,NEVADA,NV,32,980613
1987,NEW HAMPSHIRE,NH,33,1025053
1987,NEW JERSEY,NJ,34,7622159
1987,NEW MEXICO,NM,35,1462729
1987,NEW YORK,NY,36,17833419
1987,NORTH CAROLINA,NC,37,6321578
1987,NORTH DAKOTA,ND,38,669512
1987,OHIO,OH,39,10730268
1987,OKLAHOMA,OK,40,3252735
1987,OREGON,OR,41,2683528
1987,PENNSYLVANIA,PA,42,11782752
1987,RHODE ISLAND,RI,44,977341
1987,SOUTH CAROLINA,SC,45,3342758
1987,SOUTH DAKOTA,SD,46,696034
1987,TENNESSEE,TN,47,4738708
1987,TEXAS,TX,48,16561113
1987,UTAH,UT,49,1662834
1987,VERMONT,VT,50,534066
1987,VIRGINIA,VA,51,5811700
1987,WASHINGTON,WA,53,4452720
1987,WEST VIRGINIA,WV,54,1882350
1987,WISCONSIN,WI,55,4755618
1987,WYOMING,WY,56,495633
1986,ALABAMA,AL,1,3991569
1986,ALASKA,AK,2,544268
1986,ARIZONA,AZ,4,3308262
1986,ARKANSAS,AR,5,2331984
1986,CALIFORNIA,CA,6,27102237
1986,COLORADO,CO,8,3237450
1986,CONNECTICUT,CT,9,3223740
1986,DELAWARE,DE,10,627559
1986,FLORIDA,FL,12,11667505
1986,GEORGIA,GA,13,6084666
1986,HAWAII,HI,15,1051762
1986,IDAHO,ID,16,990224
1986,ILLINOIS,IL,17,11387257
1986,INDIANA,IN,18,5454108
1986,IOWA,IA,19,2791970
1986,KANSAS,KS,20,2432619
1986,KENTUCKY,KY,21,3687809
1986,LOUISIANA,LA,22,4406919
1986,MAINE,ME,23,1170126
1986,MARYLAND,MD,24,4486957
1986,MASSACHUSETTS,MA,25,5902678
1986,MICHIGAN,MI,26,9127775
1986,MINNESOTA,MN,27,4205212
1986,MISSISSIPPI,MS,28,2593597
1986,MISSOURI,MO,29,5023068
1986,MONTANA,MT,30,813739
1986,NEBRASKA,NE,31,1574333
1986,NEVADA,NV,32,980613
1986,NEW HAMPSHIRE,NH,33,1025053
1986,NEW JERSEY,NJ,34,7622159
1986,NEW MEXICO,NM,35,1462729
1986,NEW YORK,NY,36,17833419
1986,NORTH CAROLINA,NC,37,6321578
1986,NORTH DAKOTA,ND,38,669512
1986,OHIO,OH,39,10730268
1986,OKLAHOMA,OK,40,3252735
1986,OREGON,OR,41,2683528
1986,PENNSYLVANIA,PA,42,11782752
1986,RHODE ISLAND,RI,44,977341
1986,SOUTH CAROLINA,SC,45,3342758
1986,SOUTH DAKOTA,SD,46,696034
1986,TENNESSEE,TN,47,4738708
1986,TEXAS,TX,48,16561113
1986,UTAH,UT,49,1662834
1986,VERMONT,VT,50,534066
1986,VIRGINIA,VA,51,5811700
1986,WASHINGTON,WA,53,4452720
1986,WEST VIRGINIA,WV,54,1882350
1986,WISCONSIN,WI,55,4755618
1986,WYOMING,WY,56,495633
1985,ALABAMA,AL,1,3951820
1985,ALASKA,AK,2,513702
1985,ARIZONA,AZ,4,3067135
1985,ARKANSAS,AR,5,2319768
1985,CALIFORNIA,CA,6,25844393
1985,COLORADO,CO,8,3169992
1985,CONNECTICUT,CT,9,3180014
1985,DELAWARE,DE,10,611565
1985,FLORIDA,FL,12,11039925
1985,GEORGIA,GA,13,5834954
1985,HAWAII,HI,15,1027922
1985,IDAHO,ID,16,990839
1985,ILLINOIS,IL,17,11412132
1985,INDIANA,IN,18,5458322
1985,IOWA,IA,19,2858618
1985,KANSAS,KS,20,2424086
1985,KENTUCKY,KY,21,3695453
1985,LOUISIANA,LA,22,4400477
1985,MAINE,ME,23,1155635
1985,MARYLAND,MD,24,4365243
1985,MASSACHUSETTS,MA,25,5840773
1985,MICHIGAN,MI,26,9049452
1985,MINNESOTA,MN,27,4157706
1985,MISSISSIPPI,MS,28,2578051
1985,MISSOURI,MO,29,4975278
1985,MONTANA,MT,30,820905
1985,NEBRASKA,NE,31,1588639
1985,NEVADA,NV,32,924922
1985,NEW HAMPSHIRE,NH,33,976864
1985,NEW JERSEY,NJ,34,7515473
1985,NEW MEXICO,NM,35,1416717
1985,NEW YORK,NY,36,17745684
1985,NORTH CAROLINA,NC,37,6164006
1985,NORTH DAKOTA,ND,38,680497
1985,OHIO,OH,39,10737746
1985,OKLAHOMA,OK,40,3285533
1985,OREGON,OR,41,2666588
1985,PENNSYLVANIA,PA,42,11815172
1985,RHODE ISLAND,RI,44,961894
1985,SOUTH CAROLINA,SC,45,3271868
1985,SOUTH DAKOTA,SD,46,697249
1985,TENNESSEE,TN,47,4686737
1985,TEXAS,TX,48,16007086
1985,UTAH,UT,49,1622342
1985,VERMONT,VT,50,526660
1985,VIRGINIA,VA,51,5643870
1985,WASHINGTON,WA,53,4343656
1985,WEST VIRGINIA,WV,54,1927697
1985,WISCONSIN,WI,55,4735563
1985,WYOMING,WY,56,504896
1984,ALABAMA,AL,1,3925266
1984,ALASKA,AK,2,449606
1984,ARIZONA,AZ,4,2889861
1984,ARKANSAS,AR,5,2294257
1984,CALIFORNIA,CA,6,24820009
1984,COLORADO,CO,8,3061564
1984,CONNECTICUT,CT,9,3139013
1984,DELAWARE,DE,10,599148
1984,FLORIDA,FL,12,10471407
1984,GEORGIA,GA,13,5649792
1984,HAWAII,HI,15,993780
1984,IDAHO,ID,16,973721
1984,ILLINOIS,IL,17,11423412
1984,INDIANA,IN,18,5467922
1984,IOWA,IA,19,2888189
1984,KANSAS,KS,20,2401202
1984,KENTUCKY,KY,21,3683445
1984,LOUISIANA,LA,22,4352608
1984,MAINE,ME,23,1136684
1984,MARYLAND,MD,24,4282923
1984,MASSACHUSETTS,MA,25,5771222
1984,MICHIGAN,MI,26,9115198
1984,MINNESOTA,MN,27,4131450
1984,MISSISSIPPI,MS,28,2556777
1984,MISSOURI,MO,29,4929451
1984,MONTANA,MT,30,803986
1984,NEBRASKA,NE,31,1581780
1984,NEVADA,NV,32,881537
1984,NEW HAMPSHIRE,NH,33,947719
1984,NEW JERSEY,NJ,34,7430968
1984,NEW MEXICO,NM,35,1363823
1984,NEW YORK,NY,36,17589738
1984,NORTH CAROLINA,NC,37,6019101
1984,NORTH DAKOTA,ND,38,668972
1984,OHIO,OH,39,10757087
1984,OKLAHOMA,OK,40,3206123
1984,OREGON,OR,41,2664922
1984,PENNSYLVANIA,PA,42,11845146
1984,RHODE ISLAND,RI,44,954170
1984,SOUTH CAROLINA,SC,45,3207614
1984,SOUTH DAKOTA,SD,46,690597
1984,TENNESSEE,TN,47,4646041
1984,TEXAS,TX,48,15331415
1984,UTAH,UT,49,1558314
1984,VERMONT,VT,50,519109
1984,VIRGINIA,VA,51,5492783
1984,WASHINGTON,WA,53,4276552
1984,WEST VIRGINIA,WV,54,1949604
1984,WISCONSIN,WI,55,4728870
1984,WYOMING,WY,56,506400
1983,ALABAMA,AL,1,3925266
1983,ALASKA,AK,2,449606
1983,ARIZONA,AZ,4,2889861
1983,ARKANSAS,AR,5,2294257
1983,CALIFORNIA,CA,6,24820009
1983,COLORADO,CO,8,3061564
1983,CONNECTICUT,CT,9,3139013
1983,DELAWARE,DE,10,599148
1983,FLORIDA,FL,12,10471407
1983,GEORGIA,GA,13,5649792
1983,HAWAII,HI,15,993780
1983,IDAHO,ID,16,973721
1983,ILLINOIS,IL,17,11423412
1983,INDIANA,IN,18,5467922
1983,IOWA,IA,19,2888189
1983,KANSAS,KS,20,2401202
1983,KENTUCKY,KY,21,3683445
1983,LOUISIANA,LA,22,4352608
1983,MAINE,ME,23,1136684
1983,MARYLAND,MD,24,4282923
1983,MASSACHUSETTS,MA,25,5771222
1983,MICHIGAN,MI,26,9115198
1983,MINNESOTA,MN,27,4131450
1983,MISSISSIPPI,MS,28,2556777
1983,MISSOURI,MO,29,4929451
1983,MONTANA,MT,30,803986
1983,NEBRASKA,NE,31,1581780
1983,NEVADA,NV,32,881537
1983,NEW HAMPSHIRE,NH,33,947719
1983,NEW JERSEY,NJ,34,7430968
1983,NEW MEXICO,NM,35,1363823
1983,NEW YORK,NY,36,17589738
1983,NORTH CAROLINA,NC,37,6019101
1983,NORTH DAKOTA,ND,38,668972
1983,OHIO,OH,39,10757087
1983,OKLAHOMA,OK,40,3206123
1983,OREGON,OR,41,2664922
1983,PENNSYLVANIA,PA,42,11845146
1983,RHODE ISLAND,RI,44,954170
1983,SOUTH CAROLINA,SC,45,3207614
1983,SOUTH DAKOTA,SD,46,690597
1983,TENNESSEE,TN,47,4646041
1983,TEXAS,TX,48,15331415
1983,UTAH,UT,49,1558314
1983,VERMONT,VT,50,519109
1983,VIRGINIA,VA,51,5492783
1983,WASHINGTON,WA,53,4276552
1983,WEST VIRGINIA,WV,54,1949604
1983,WISCONSIN,WI,55,4728870
1983,WYOMING,WY,56,506400
1982,ALABAMA,AL,1,3893888
1982,ALASKA,AK,2,401851
1982,ARIZONA,AZ,4,2718215
1982,ARKANSAS,AR,5,2286435
1982,CALIFORNIA,CA,6,23667902
1982,COLORADO,CO,8,2889964
1982,CONNECTICUT,CT,9,3107576
1982,DELAWARE,DE,10,594338
1982,FLORIDA,FL,12,9746324
1982,GEORGIA,GA,13,5463105
1982,HAWAII,HI,15,964691
1982,IDAHO,ID,16,943935
1982,ILLINOIS,IL,17,11426518
1982,INDIANA,IN,18,5490224
1982,IOWA,IA,19,2913808
1982,KANSAS,KS,20,2363679
1982,KENTUCKY,KY,21,3660777
1982,LOUISIANA,LA,22,4205900
1982,MAINE,ME,23,1124660
1982,MARYLAND,MD,24,4216975
1982,MASSACHUSETTS,MA,25,5737037
1982,MICHIGAN,MI,26,9262078
1982,MINNESOTA,MN,27,4075970
1982,MISSISSIPPI,MS,28,2520638
1982,MISSOURI,MO,29,4916686
1982,MONTANA,MT,30,786690
1982,NEBRASKA,NE,31,1569825
1982,NEVADA,NV,32,800493
1982,NEW HAMPSHIRE,NH,33,920610
1982,NEW JERSEY,NJ,34,7364823
1982,NEW MEXICO,NM,35,1302894
1982,NEW YORK,NY,36,17558072
1982,NORTH CAROLINA,NC,37,5881766
1982,NORTH DAKOTA,ND,38,652717
1982,OHIO,OH,39,10797630
1982,OKLAHOMA,OK,40,3025290
1982,OREGON,OR,41,2633105
1982,PENNSYLVANIA,PA,42,11863895
1982,RHODE ISLAND,RI,44,947154
1982,SOUTH CAROLINA,SC,45,3121820
1982,SOUTH DAKOTA,SD,46,690768
1982,TENNESSEE,TN,47,4591120
1982,TEXAS,TX,48,14229191
1982,UTAH,UT,49,1461037
1982,VERMONT,VT,50,511456
1982,VIRGINIA,VA,51,5346818
1982,WASHINGTON,WA,53,4132156
1982,WEST VIRGINIA,WV,54,1949644
1982,WISCONSIN,WI,55,4705767
1982,WYOMING,WY,56,469557
1981,ALABAMA,AL,1,3893888
1981,ALASKA,AK,2,401851
1981,ARIZONA,AZ,4,2718215
1981,ARKANSAS,AR,5,2286435
1981,CALIFORNIA,CA,6,23667902
1981,COLORADO,CO,8,2889964
1981,CONNECTICUT,CT,9,3107576
1981,DELAWARE,DE,10,594338
1981,FLORIDA,FL,12,9746324
1981,GEORGIA,GA,13,5463105
1981,HAWAII,HI,15,964691
1981,IDAHO,ID,16,943935
1981,ILLINOIS,IL,17,11426518
1981,INDIANA,IN,18,5490224
1981,IOWA,IA,19,2913808
1981,KANSAS,KS,20,2363679
1981,KENTUCKY,KY,21,3660777
1981,LOUISIANA,LA,22,4205900
1981,MAINE,ME,23,1124660
1981,MARYLAND,MD,24,4216975
1981,MASSACHUSETTS,MA,25,5737037
1981,MICHIGAN,MI,26,9262078
1981,MINNESOTA,MN,27,4075970
1981,MISSISSIPPI,MS,28,2520638
1981,MISSOURI,MO,29,4916686
1981,MONTANA,MT,30,786690
1981,NEBRASKA,NE,31,1569825
1981,NEVADA,NV,32,800493
1981,NEW HAMPSHIRE,NH,33,920610
1981,NEW JERSEY,NJ,34,7364823
1981,NEW MEXICO,NM,35,1302894
1981,NEW YORK,NY,36,17558072
1981,NORTH CAROLINA,NC,37,5881766
1981,NORTH DAKOTA,ND,38,652717
1981,OHIO,OH,39,10797630
1981,OKLAHOMA,OK,40,3025290
1981,OREGON,OR,41,2633105
1981,PENNSYLVANIA,PA,42,11863895
1981,RHODE ISLAND,RI,44,947154
1981,SOUTH CAROLINA,SC,45,3121820
1981,SOUTH DAKOTA,SD,46,690768
1981,TENNESSEE,TN,47,4591120
1981,TEXAS,TX,48,14229191
1981,UTAH,UT,49,1461037
1981,VERMONT,VT,50,511456
1981,VIRGINIA,VA,51,5346818
1981,WASHINGTON,WA,53,4132156
1981,WEST VIRGINIA,WV,54,1949644
1981,WISCONSIN,WI,55,4705767
1981,WYOMING,WY,56,469557
1980,ALABAMA,AL,1,3893888
1980,ALASKA,AK,2,401851
1980,ARIZONA,AZ,4,2718215
1980,ARKANSAS,AR,5,2286435
1980,CALIFORNIA,CA,6,23667902
1980,COLORADO,CO,8,2889964
1980,CONNECTICUT,CT,9,3107576
1980,DELAWARE,DE,10,594338
1980,FLORIDA,FL,12,9746324
1980,GEORGIA,GA,13,5463105
1980,HAWAII,HI,15,964691
1980,IDAHO,ID,16,943935
1980,ILLINOIS,IL,17,11426518
1980,INDIANA,IN,18,5490224
1980,IOWA,IA,19,2913808
1980,KANSAS,KS,20,2363679
1980,KENTUCKY,KY,21,3660777
1980,LOUISIANA,LA,22,4205900
1980,MAINE,ME,23,1124660
1980,MARYLAND,MD,24,4216975
1980,MASSACHUSETTS,MA,25,5737037
1980,MICHIGAN,MI,26,9262078
1980,MINNESOTA,MN,27,4075970
1980,MISSISSIPPI,MS,28,2520638
1980,MISSOURI,MO,29,4916686
1980,MONTANA,MT,30,786690
1980,NEBRASKA,NE,31,1569825
1980,NEVADA,NV,32,800493
1980,NEW HAMPSHIRE,NH,33,920610
1980,NEW JERSEY,NJ,34,7364823
1980,NEW MEXICO,NM,35,1302894
1980,NEW YORK,NY,36,17558072
1980,NORTH CAROLINA,NC,37,5881766
1980,NORTH DAKOTA,ND,38,652717
1980,OHIO,OH,39,10797630
1980,OKLAHOMA,OK,40,3025290
1980,OREGON,OR,41,2633105
1980,PENNSYLVANIA,PA,42,11863895
1980,RHODE ISLAND,RI,44,947154
1980,SOUTH CAROLINA,SC,45,3121820
1980,SOUTH DAKOTA,SD,46,690768
1980,TENNESSEE,TN,47,4591120
1980,TEXAS,TX,48,14229191
1980,UTAH,UT,49,1461037
1980,VERMONT,VT,50,511456
1980,VIRGINIA,VA,51,5346818
1980,WASHINGTON,WA,53,4132156
1980,WEST VIRGINIA,WV,54,1949644
1980,WISCONSIN,WI,55,4705767
1980,WYOMING,WY,56,469557
1979,ALABAMA,AL,1,3780403
1979,ALASKA,AK,2,403436
1979,ARIZONA,AZ,4,2425197
1979,ARKANSAS,AR,5,2209010
1979,CALIFORNIA,CA,6,22352396
1979,COLORADO,CO,8,2696140
1979,CONNECTICUT,CT,9,3085722
1979,DELAWARE,DE,10,591829
1979,FLORIDA,FL,12,8856183
1979,GEORGIA,GA,13,5219697
1979,HAWAII,HI,15,918259
1979,IDAHO,ID,16,883469
1979,ILLINOIS,IL,17,11386316
1979,INDIANA,IN,18,5425638
1979,IOWA,IA,19,2913573
1979,KANSAS,KS,20,2320647
1979,KENTUCKY,KY,21,3573693
1979,LOUISIANA,LA,22,4014459
1979,MAINE,ME,23,1103578
1979,MARYLAND,MD,24,4169595
1979,MASSACHUSETTS,MA,25,5738199
1979,MICHIGAN,MI,26,9171110
1979,MINNESOTA,MN,27,3989364
1979,MISSISSIPPI,MS,28,2459201
1979,MISSOURI,MO,29,4863173
1979,MONTANA,MT,30,769953
1979,NEBRASKA,NE,31,1556842
1979,NEVADA,NV,32,678333
1979,NEW HAMPSHIRE,NH,33,869763
1979,NEW JERSEY,NJ,34,7337169
1979,NEW MEXICO,NM,35,1215720
1979,NEW YORK,NY,36,17812602
1979,NORTH CAROLINA,NC,37,5685607
1979,NORTH DAKOTA,ND,38,649769
1979,OHIO,OH,39,10771394
1979,OKLAHOMA,OK,40,2870014
1979,OREGON,OR,41,2446673
1979,PENNSYLVANIA,PA,42,11893591
1979,RHODE ISLAND,RI,44,950230
1979,SOUTH CAROLINA,SC,45,2991681
1979,SOUTH DAKOTA,SD,46,688480
1979,TENNESSEE,TN,47,4422921
1979,TEXAS,TX,48,13193050
1979,UTAH,UT,49,1319512
1979,VERMONT,VT,50,491931
1979,VIRGINIA,VA,51,5193112
1979,WASHINGTON,WA,53,3776050
1979,WEST VIRGINIA,WV,54,1908088
1979,WISCONSIN,WI,55,4626514
1979,WYOMING,WY,56,413354
1978,ALABAMA,AL,1,3780403
1978,ALASKA,AK,2,403436
1978,ARIZONA,AZ,4,2425197
1978,ARKANSAS,AR,5,2209010
1978,CALIFORNIA,CA,6,22352396
1978,COLORADO,CO,8,2696140
1978,CONNECTICUT,CT,9,3085722
1978,DELAWARE,DE,10,591829
1978,FLORIDA,FL,12,8856183
1978,GEORGIA,GA,13,5219697
1978,HAWAII,HI,15,918259
1978,IDAHO,ID,16,883469
1978,ILLINOIS,IL,17,11386316
1978,INDIANA,IN,18,5425638
1978,IOWA,IA,19,2913573
1978,KANSAS,KS,20,2320647
1978,KENTUCKY,KY,21,3573693
1978,LOUISIANA,LA,22,4014459
1978,MAINE,ME,23,1103578
1978,MARYLAND,MD,24,4169595
1978,MASSACHUSETTS,MA,25,5738199
1978,MICHIGAN,MI,26,9171110
1978,MINNESOTA,MN,27,3989364
1978,MISSISSIPPI,MS,28,2459201
1978,MISSOURI,MO,29,4863173
1978,MONTANA,MT,30,769953
1978,NEBRASKA,NE,31,1556842
1978,NEVADA,NV,32,678333
1978,NEW HAMPSHIRE,NH,33,869763
1978,NEW JERSEY,NJ,34,7337169
1978,NEW MEXICO,NM,35,1215720
1978,NEW YORK,NY,36,17812602
1978,NORTH CAROLINA,NC,37,5685607
1978,NORTH DAKOTA,ND,38,649769
1978,OHIO,OH,39,10771394
1978,OKLAHOMA,OK,40,2870014
1978,OREGON,OR,41,2446673
1978,PENNSYLVANIA,PA,42,11893591
1978,RHODE ISLAND,RI,44,950230
1978,SOUTH CAROLINA,SC,45,2991681
1978,SOUTH DAKOTA,SD,46,688480
1978,TENNESSEE,TN,47,4422921
1978,TEXAS,TX,48,13193050
1978,UTAH,UT,49,1319512
1978,VERMONT,VT,50,491931
1978,VIRGINIA,VA,51,5193112
1978,WASHINGTON,WA,53,3776050
1978,WEST VIRGINIA,WV,54,1908088
1978,WISCONSIN,WI,55,4626514
1978,WYOMING,WY,56,413354
1977,ALABAMA,AL,1,3678814
1977,ALASKA,AK,2,376170
1977,ARIZONA,AZ,4,2284847
1977,ARKANSAS,AR,5,2159526
1977,CALIFORNIA,CA,6,21537849
1977,COLORADO,CO,8,2586192
1977,CONNECTICUT,CT,9,3082500
1977,DELAWARE,DE,10,586589
1977,FLORIDA,FL,12,8518422
1977,GEORGIA,GA,13,5064075
1977,HAWAII,HI,15,886160
1977,IDAHO,ID,16,831982
1977,ILLINOIS,IL,17,11291743
1977,INDIANA,IN,18,5365766
1977,IOWA,IA,19,2880847
1977,KANSAS,KS,20,2280578
1977,KENTUCKY,KY,21,3467769
1977,LOUISIANA,LA,22,3886104
1977,MAINE,ME,23,1071995
1977,MARYLAND,MD,24,4139096
1977,MASSACHUSETTS,MA,25,5757756
1977,MICHIGAN,MI,26,9117668
1977,MINNESOTA,MN,27,3932515
1977,MISSISSIPPI,MS,28,2399449
1977,MISSOURI,MO,29,4808308
1977,MONTANA,MT,30,748208
1977,NEBRASKA,NE,31,1543117
1977,NEVADA,NV,32,619972
1977,NEW HAMPSHIRE,NH,33,828555
1977,NEW JERSEY,NJ,34,7337765
1977,NEW MEXICO,NM,35,1159944
1977,NEW YORK,NY,36,18003485
1977,NORTH CAROLINA,NC,37,5547188
1977,NORTH DAKOTA,ND,38,638886
1977,OHIO,OH,39,10770425
1977,OKLAHOMA,OK,40,2774683
1977,OREGON,OR,41,2329661
1977,PENNSYLVANIA,PA,42,11906095
1977,RHODE ISLAND,RI,44,942788
1977,SOUTH CAROLINA,SC,45,2902028
1977,SOUTH DAKOTA,SD,46,681042
1977,TENNESSEE,TN,47,4275566
1977,TEXAS,TX,48,12568843
1977,UTAH,UT,49,1236030
1977,VERMONT,VT,50,479713
1977,VIRGINIA,VA,51,5047395
1977,WASHINGTON,WA,53,3621339
1977,WEST VIRGINIA,WV,54,1842250
1977,WISCONSIN,WI,55,4578986
1977,WYOMING,WY,56,381695
1976,ALABAMA,AL,1,3678814
1976,ALASKA,AK,2,376170
1976,ARIZONA,AZ,4,2284847
1976,ARKANSAS,AR,5,2159526
1976,CALIFORNIA,CA,6,21537849
1976,COLORADO,CO,8,2586192
1976,CONNECTICUT,CT,9,3082500
1976,DELAWARE,DE,10,586589
1976,FLORIDA,FL,12,8518422
1976,GEORGIA,GA,13,5064075
1976,HAWAII,HI,15,886160
1976,IDAHO,ID,16,831982
1976,ILLINOIS,IL,17,11291743
1976,INDIANA,IN,18,5365766
1976,IOWA,IA,19,2880847
1976,KANSAS,KS,20,2280578
1976,KENTUCKY,KY,21,3467769
1976,LOUISIANA,LA,22,3886104
1976,MAINE,ME,23,1071995
1976,MARYLAND,MD,24,4139096
1976,MASSACHUSETTS,MA,25,5757756
1976,MICHIGAN,MI,26,9117668
1976,MINNESOTA,MN,27,3932515
1976,MISSISSIPPI,MS,28,2399449
1976,MISSOURI,MO,29,4808308
1976,MONTANA,MT,30,748208
1976,NEBRASKA,NE,31,1543117
1976,NEVADA,NV,32,619972
1976,NEW HAMPSHIRE,NH,33,828555
1976,NEW JERSEY,NJ,34,7337765
1976,NEW MEXICO,NM,35,1159944
1976,NEW YORK,NY,36,18003485
1976,NORTH CAROLINA,NC,37,5547188
1976,NORTH DAKOTA,ND,38,638886
1976,OHIO,OH,39,10770425
1976,OKLAHOMA,OK,40,2774683
1976,OREGON,OR,41,2329661
1976,PENNSYLVANIA,PA,42,11906095
1976,RHODE ISLAND,RI,44,942788
1976,SOUTH CAROLINA,SC,45,2902028
1976,SOUTH DAKOTA,SD,46,681042
1976,TENNESSEE,TN,47,4275566
1976,TEXAS,TX,48,12568843
1976,UTAH,UT,49,1236030
1976,VERMONT,VT,50,479713
1976,VIRGINIA,VA,51,5047395
1976,WASHINGTON,WA,53,3621339
1976,WEST VIRGINIA,WV,54,1842250
1976,WISCONSIN,WI,55,4578986
1976,WYOMING,WY,56,381695
1975,ALABAMA,AL,1,3678814
1975,ALASKA,AK,2,376170
1975,ARIZONA,AZ,4,2284847
1975,ARKANSAS,AR,5,2159526
1975,CALIFORNIA,CA,6,21537849
1975,COLORADO,CO,8,2586192
1975,CONNECTICUT,CT,9,3082500
1975,DELAWARE,DE,10,586589
1975,FLORIDA,FL,12,8518422
1975,GEORGIA,GA,13,5064075
1975,HAWAII,HI,15,886160
1975,IDAHO,ID,16,831982
1975,ILLINOIS,IL,17,11291743
1975,INDIANA,IN,18,5365766
1975,IOWA,IA,19,2880847
1975,KANSAS,KS,20,2280578
1975,KENTUCKY,KY,21,3467769
1975,LOUISIANA,LA,22,3886104
1975,MAINE,ME,23,1071995
1975,MARYLAND,MD,24,4139096
1975,MASSACHUSETTS,MA,25,5757756
1975,MICHIGAN,MI,26,9117668
1975,MINNESOTA,MN,27,3932515
1975,MISSISSIPPI,MS,28,2399449
1975,MISSOURI,MO,29,4808308
1975,MONTANA,MT,30,748208
1975,NEBRASKA,NE,31,1543117
1975,NEVADA,NV,32,619972
1975,NEW HAMPSHIRE,NH,33,828555
1975,NEW JERSEY,NJ,34,7337765
1975,NEW MEXICO,NM,35,1159944
1975,NEW YORK,NY,36,18003485
1975,NORTH CAROLINA,NC,37,5547188
1975,NORTH DAKOTA,ND,38,638886
1975,OHIO,OH,39,10770425
1975,OKLAHOMA,OK,40,2774683
1975,OREGON,OR,41,2329661
1975,PENNSYLVANIA,PA,42,11906095
1975,RHODE ISLAND,RI,44,942788
1975,SOUTH CAROLINA,SC,45,2902028
1975,SOUTH DAKOTA,SD,46,681042
1975,TENNESSEE,TN,47,4275566
1975,TEXAS,TX,48,12568843
1975,UTAH,UT,49,1236030
1975,VERMONT,VT,50,479713
1975,VIRGINIA,VA,51,5047395
1975,WASHINGTON,WA,53,3621339
1975,WEST VIRGINIA,WV,54,1842250
1975,WISCONSIN,WI,55,4578986
1975,WYOMING,WY,56,381695